{
  "regression_full_sample": {
    "coefficients": {
      "const": {
        "estimate": -0.004211610376735051,
        "std_error": 0.0033604167925086795,
        "t_stat": -1.2533000031793446,
        "p_value": 0.21009654729023364
      },
      "Mkt-RF": {
        "estimate": 0.9450803301007408,
        "std_error": 0.10804047601682772,
        "t_stat": 8.74746544020725,
        "p_value": 2.181981645303505e-18
      },
      "SMB": {
        "estimate": 0.6516610459827764,
        "std_error": 0.13069490202326806,
        "t_stat": 4.986124446282985,
        "p_value": 6.160247398295437e-07
      },
      "HML": {
        "estimate": -0.6034108124917397,
        "std_error": 0.09341060182966734,
        "t_stat": -6.459767956447268,
        "p_value": 1.0486365066561345e-10
      },
      "RMW": {
        "estimate": -0.302751737096831,
        "std_error": 0.19960679234093426,
        "t_stat": -1.516740655697338,
        "p_value": 0.12933217533713515
      },
      "CMA": {
        "estimate": 0.3466890204604199,
        "std_error": 0.20287340978756468,
        "t_stat": 1.708893347942686,
        "p_value": 0.08747070693679555
      },
      "PR_uniform_excl": {
        "estimate": 0.10844609266195399,
        "std_error": 0.0408955322577613,
        "t_stat": 2.6517833776664617,
        "p_value": 0.008006789289808983
      }
    },
    "adj_r_squared": 0.6332376798413194,
    "n_obs": 119
  },
  "static_hedge": {
    "full_sample": {
      "n": 119,
      "cum_return": -0.5319121926873375,
      "ann_return": -0.07369139809281944,
      "ann_vol": 0.1317746394915929,
      "sharpe": -0.5592229155559244,
      "max_drawdown": -0.5743129276341764,
      "calmar": -0.1283122746276732,
      "hit_rate": 0.453781512605042
    },
    "pre_2020": {
      "n": 59,
      "cum_return": -0.2893608687543231,
      "ann_return": -0.06711751483238448,
      "ann_vol": 0.13735658272792914,
      "sharpe": -0.4886370459967571,
      "max_drawdown": -0.40811133603868555,
      "calmar": -0.16445883489505006,
      "hit_rate": 0.423728813559322
    },
    "post_2020": {
      "n": 60,
      "cum_return": -0.3413143370079368,
      "ann_return": -0.08011054138429496,
      "ann_vol": 0.12717000730452843,
      "sharpe": -0.6299483902085322,
      "max_drawdown": -0.3672260196385402,
      "calmar": -0.21815050432196392,
      "hit_rate": 0.48333333333333334
    }
  },
  "rolling_hedge": {
    "full_sample": {
      "n": 107,
      "cum_return": -0.5141175136125461,
      "ann_return": -0.07775857545814369,
      "ann_vol": 0.14348911927124236,
      "sharpe": -0.5419126959107889,
      "max_drawdown": -0.5193627132985225,
      "calmar": -0.14971921061543195,
      "hit_rate": 0.4672897196261682
    },
    "pre_2020": {
      "n": 47,
      "cum_return": -0.3586087952044924,
      "ann_return": -0.10719871106649748,
      "ann_vol": 0.14001718054217027,
      "sharpe": -0.7656111246591731,
      "max_drawdown": -0.39455549712545224,
      "calmar": -0.27169488664458463,
      "hit_rate": 0.425531914893617
    },
    "post_2020": {
      "n": 60,
      "cum_return": -0.24245533341486025,
      "ann_return": -0.054020665692340986,
      "ann_vol": 0.1468964318862039,
      "sharpe": -0.3677466157529892,
      "max_drawdown": -0.29274826012174016,
      "calmar": -0.1845294167414568,
      "hit_rate": 0.5
    }
  }
}