{
  "uniform": {
    "n": 119,
    "mean": -0.015565685992458589,
    "std": 0.10371312973956572,
    "skew": -1.4335861852636818,
    "kurtosis": 4.524764182807742,
    "min": -0.5038953298826178,
    "max": 0.18361269305705832,
    "ac_1": 0.24201270920276743,
    "ac_3": 0.09768219465484956,
    "ac_6": 0.010800671621090073,
    "sharpe_annualized": -0.5199063814061379,
    "avg_n_long": 21.100840336134453,
    "avg_n_short": 18.88235294117647
  },
  "adjusted": {
    "n": 119,
    "mean": -0.011912781938647877,
    "std": 0.10046313457793596,
    "skew": -1.139173262600507,
    "kurtosis": 3.067501480277673,
    "min": -0.4536477232217258,
    "max": 0.19840374997485621,
    "ac_1": 0.27829899454677975,
    "ac_3": 0.04238186915310473,
    "ac_6": -0.07176936949424689,
    "sharpe_annualized": -0.41076846076747037,
    "avg_n_long": 20.95798319327731,
    "avg_n_short": 17.30252100840336
  }
}