{
  "uniform": {
    "IBB": {
      "model1": {
        "coefficients": {
          "const": {
            "estimate": -0.005094447085526799,
            "std_error": 0.0034023169030787622,
            "t_stat": -1.497346434988706,
            "p_value": 0.13430313824507317
          },
          "Mkt-RF": {
            "estimate": 0.8676062642141231,
            "std_error": 0.0970730840405178,
            "t_stat": 8.93766045232465,
            "p_value": 3.9749628667418716e-19
          },
          "SMB": {
            "estimate": 0.645630060268902,
            "std_error": 0.1312443821535096,
            "t_stat": 4.919296732364078,
            "p_value": 8.685571323009286e-07
          },
          "HML": {
            "estimate": -0.5951261810150795,
            "std_error": 0.10465540080183737,
            "t_stat": -5.686531000363158,
            "p_value": 1.2964586081025551e-08
          },
          "RMW": {
            "estimate": -0.23023142026818946,
            "std_error": 0.18299371123388172,
            "t_stat": -1.2581384284508765,
            "p_value": 0.2083416977061039
          },
          "CMA": {
            "estimate": 0.37470742707876475,
            "std_error": 0.21010580202094342,
            "t_stat": 1.783422558894465,
            "p_value": 0.07451754373223916
          }
        },
        "adj_r_squared": 0.6083767664753785,
        "r_squared": 0.6249709712857439,
        "aic": -430.80798407348857,
        "bic": -414.1332431148194,
        "f_statistic": 33.8686811750536,
        "f_p_value": 5.286880256785926e-21,
        "n_obs": 119,
        "ssr": 0.16866697509909606,
        "df_model": 5
      },
      "model2": {
        "coefficients": {
          "const": {
            "estimate": -0.004115547422193614,
            "std_error": 0.0034389119931786277,
            "t_stat": -1.196758576653648,
            "p_value": 0.23140066816910088
          },
          "Mkt-RF": {
            "estimate": 0.9354960701047539,
            "std_error": 0.10545132138271594,
            "t_stat": 8.871354648175009,
            "p_value": 7.226142259955272e-19
          },
          "SMB": {
            "estimate": 0.6928599647474063,
            "std_error": 0.1270359859915206,
            "t_stat": 5.454044846738571,
            "p_value": 4.923677567981865e-08
          },
          "HML": {
            "estimate": -0.6159407228651028,
            "std_error": 0.0949501370490413,
            "t_stat": -6.486991404203791,
            "p_value": 8.756733250447645e-11
          },
          "RMW": {
            "estimate": -0.28818490781892686,
            "std_error": 0.196338157101394,
            "t_stat": -1.4677987818236518,
            "p_value": 0.1421588884787369
          },
          "CMA": {
            "estimate": 0.35881893663280506,
            "std_error": 0.20581212780550348,
            "t_stat": 1.743429507574481,
            "p_value": 0.081258617736694
          },
          "PR": {
            "estimate": 0.09116801543736974,
            "std_error": 0.03690193070689916,
            "t_stat": 2.4705486594045616,
            "p_value": 0.013490596410031438
          }
        },
        "adj_r_squared": 0.6245289898482022,
        "r_squared": 0.6436207361271071,
        "aic": -434.8779266903289,
        "bic": -415.4240622385482,
        "f_statistic": 32.04447994592956,
        "f_p_value": 3.3296162752168648e-22,
        "n_obs": 119,
        "ssr": 0.16027935925803297,
        "df_model": 6
      },
      "comparison": {
        "delta_adj_r_squared": 0.016152223372823626,
        "delta_aic": -4.069942616840308,
        "delta_bic": -1.2908191237287951,
        "partial_f_test": {
          "f_stat": 5.861097639445328,
          "p_value": 0.017085704111109434,
          "df_num": 1,
          "df_den": 112
        },
        "pr_p_raw": 0.013490596410031438,
        "pr_p_bonferroni": 0.026981192820062876
      },
      "n_obs": 119
    },
    "XBI": {
      "model1": {
        "coefficients": {
          "const": {
            "estimate": -0.0011471772550792384,
            "std_error": 0.004047149931438523,
            "t_stat": -0.2834531150348276,
            "p_value": 0.7768295171814852
          },
          "Mkt-RF": {
            "estimate": 1.014929618771005,
            "std_error": 0.1279966336834047,
            "t_stat": 7.929346183286342,
            "p_value": 2.2030263704914624e-15
          },
          "SMB": {
            "estimate": 1.12358629954951,
            "std_error": 0.19877767578823066,
            "t_stat": 5.652477297030736,
            "p_value": 1.581516931456255e-08
          },
          "HML": {
            "estimate": -0.6916676874908484,
            "std_error": 0.14427370476535586,
            "t_stat": -4.794135484465198,
            "p_value": 1.6337783595287727e-06
          },
          "RMW": {
            "estimate": -0.9075593085381793,
            "std_error": 0.22307355637784493,
            "t_stat": -4.068430715297081,
            "p_value": 4.7330830226647144e-05
          },
          "CMA": {
            "estimate": 0.07035650807099143,
            "std_error": 0.2720779224848829,
            "t_stat": 0.2585895519505099,
            "p_value": 0.7959519454604018
          }
        },
        "adj_r_squared": 0.694313903714532,
        "r_squared": 0.7072667044045943,
        "aic": -382.8441776668093,
        "bic": -366.1694367081401,
        "f_statistic": 35.98806885797623,
        "f_p_value": 6.826656438943679e-22,
        "n_obs": 119,
        "ssr": 0.25239199281176833,
        "df_model": 5
      },
      "model2": {
        "coefficients": {
          "const": {
            "estimate": -0.0007898146567494103,
            "std_error": 0.0040981120094891015,
            "t_stat": -0.19272646890094983,
            "p_value": 0.8471731928724666
          },
          "Mkt-RF": {
            "estimate": 1.0397138518665532,
            "std_error": 0.14169993114054233,
            "t_stat": 7.337433712902325,
            "p_value": 2.1772817037652448e-13
          },
          "SMB": {
            "estimate": 1.140828313226223,
            "std_error": 0.20128375619203237,
            "t_stat": 5.6677614468692115,
            "p_value": 1.446751981429822e-08
          },
          "HML": {
            "estimate": -0.6992663608147731,
            "std_error": 0.14494117948121052,
            "t_stat": -4.8244837203454844,
            "p_value": 1.403663812058518e-06
          },
          "RMW": {
            "estimate": -0.9287161335624105,
            "std_error": 0.23047457405184368,
            "t_stat": -4.029581733182863,
            "p_value": 5.58761857349555e-05
          },
          "CMA": {
            "estimate": 0.06455616668567005,
            "std_error": 0.2721964155115922,
            "t_stat": 0.23716758563604506,
            "p_value": 0.8125267818965091
          },
          "PR": {
            "estimate": 0.03328230675895536,
            "std_error": 0.049692320556779614,
            "t_stat": 0.6697676096837984,
            "p_value": 0.503005944571709
          }
        },
        "adj_r_squared": 0.6929505327513037,
        "r_squared": 0.7085632175266612,
        "aic": -381.37239819930096,
        "bic": -361.91853374752026,
        "f_statistic": 32.59597164412627,
        "f_p_value": 1.8391159590851546e-22,
        "n_obs": 119,
        "ssr": 0.25127415095534567,
        "df_model": 6
      },
      "comparison": {
        "delta_adj_r_squared": -0.0013633709632283608,
        "delta_aic": 1.4717794675083269,
        "delta_bic": 4.25090296061984,
        "partial_f_test": {
          "f_stat": 0.49825374971255,
          "p_value": 0.4817340810585219,
          "df_num": 1,
          "df_den": 112
        },
        "pr_p_raw": 0.503005944571709,
        "pr_p_bonferroni": 1.0
      },
      "n_obs": 119
    }
  },