{
  "uniform": {
    "IBB": {
      "n": 119,
      "ff5_adj_r2": 0.6083767664753785,
      "ff5_pr_adj_r2": 0.6332376798413194,
      "delta_adj_r2": 0.024860913365940873,
      "beta_PR": 0.10844609266195399,
      "se_PR": 0.0408955322577613,
      "t_PR": 2.6517833776664617,
      "p_PR": 0.008006789289808983
    },
    "XBI": {
      "n": 119,
      "ff5_adj_r2": 0.694313903714532,
      "ff5_pr_adj_r2": 0.6987357795452863,
      "delta_adj_r2": 0.004421875830754263,
      "beta_PR": 0.07540300386196506,
      "se_PR": 0.0586557660600271,
      "t_PR": 1.2855173314896133,
      "p_PR": 0.19861156426303161
    }
  },
  "adjusted": {
    "IBB": {
      "n": 119,
      "ff5_adj_r2": 0.6083767664753785,
      "ff5_pr_adj_r2": 0.6166539705271934,
      "delta_adj_r2": 0.008277204051814868,
      "beta_PR": 0.06997400018793878,
      "se_PR": 0.04338956693070924,
      "t_PR": 1.6126918321098578,
      "p_PR": 0.10681147595750685
    },
    "XBI": {
      "n": 119,
      "ff5_adj_r2": 0.694313903714532,
      "ff5_pr_adj_r2": 0.6920647939897933,
      "delta_adj_r2": -0.002249109724738796,
      "beta_PR": 0.01956688124587776,
      "se_PR": 0.057861074297306164,
      "t_PR": 0.33817003025795417,
      "p_PR": 0.7352350591939976
    }
  }
}