{
  "uniform": {
    "IBB": {
      "n": 108,
      "ff5_adj_r2": 0.6018032246653222,
      "ff5_pr_adj_r2": 0.6288597515349177,
      "delta_adj_r2": 0.027056526869595476,
      "beta_PR": 0.1095842446765673,
      "se_PR": 0.03791936730910462,
      "t_PR": 2.8899280882847327,
      "p_PR": 0.0038532996163205403
    },
    "XBI": {
      "n": 108,
      "ff5_adj_r2": 0.6902734931834307,
      "ff5_pr_adj_r2": 0.6928902193050891,
      "delta_adj_r2": 0.0026167261216584192,
      "beta_PR": 0.06440112382279359,
      "se_PR": 0.05402146823651343,
      "t_PR": 1.1921394572401587,
      "p_PR": 0.23320656780967208
    }
  },
  "adjusted": {
    "IBB": {
      "n": 108,
      "ff5_adj_r2": 0.6018032246653222,
      "ff5_pr_adj_r2": 0.6121568674635254,
      "delta_adj_r2": 0.010353642798203166,
      "beta_PR": 0.072644557021911,
      "se_PR": 0.040869349483413184,
      "t_PR": 1.7774825863424564,
      "p_PR": 0.07548887342237237
    },
    "XBI": {
      "n": 108,
      "ff5_adj_r2": 0.6902734931834307,
      "ff5_pr_adj_r2": 0.6880975132191016,
      "delta_adj_r2": -0.0021759799643290556,
      "beta_PR": 0.02488613223129745,
      "se_PR": 0.05571147759389293,
      "t_PR": 0.44669668273213164,
      "p_PR": 0.6550940773141816
    }
  }
}