{
  "baseline_uniform_IBB": {
    "lag_1": {
      "beta": 0.09116801543736974,
      "se": 0.033667864606851235,
      "t_stat": 2.7078645023069723,
      "p_value": 0.006771766339927593
    },
    "lag_3": {
      "beta": 0.09116801543736974,
      "se": 0.03690193070689916,
      "t_stat": 2.4705486594045616,
      "p_value": 0.013490596410031438
    },
    "lag_6": {
      "beta": 0.09116801543736974,
      "se": 0.042028485586878515,
      "t_stat": 2.1691958243157066,
      "p_value": 0.03006782003351922
    },
    "lag_12": {
      "beta": 0.09116801543736974,
      "se": 0.048244890878682105,
      "t_stat": 1.8896926446910882,
      "p_value": 0.05879907839130153
    }
  },
  "exclusion_top3_uniform_IBB": {
    "lag_1": {
      "beta": 0.10844609266195399,
      "se": 0.038207156705835604,
      "t_stat": 2.8383711851918667,
      "p_value": 0.004534441773945087
    },
    "lag_3": {
      "beta": 0.10844609266195399,
      "se": 0.0408955322577613,
      "t_stat": 2.6517833776664617,
      "p_value": 0.008006789289808983
    },
    "lag_6": {
      "beta": 0.10844609266195399,
      "se": 0.04591853136061366,
      "t_stat": 2.361706471191127,
      "p_value": 0.018191039048383876
    },
    "lag_12": {
      "beta": 0.10844609266195399,
      "se": 0.05306344389436758,
      "t_stat": 2.043706263729049,
      "p_value": 0.04098257405419423
    }
  }
}