{
  "uniform": {
    "IBB": {
      "n": 119,
      "ff5_adj_r2": 0.6083767664753785,
      "ff5_pr_adj_r2": 0.6245289898482022,
      "delta_adj_r2": 0.016152223372823626,
      "beta_PR": 0.09116801543736963,
      "se_PR": 0.03690193070689916,
      "t_PR": 2.470548659404559,
      "p_PR": 0.013490596410031547
    },
    "XBI": {
      "n": 119,
      "ff5_adj_r2": 0.694313903714532,
      "ff5_pr_adj_r2": 0.6929505327513037,
      "delta_adj_r2": -0.0013633709632283608,
      "beta_PR": 0.03328230675895521,
      "se_PR": 0.04969232055677959,
      "t_PR": 0.6697676096837957,
      "p_PR": 0.5030059445717108
    }
  },
  "adjusted": {
    "IBB": {
      "n": 119,
      "ff5_adj_r2": 0.6083767664753785,
      "ff5_pr_adj_r2": 0.6150488670720518,
      "delta_adj_r2": 0.006672100596673225,
      "beta_PR": 0.06919769283541928,
      "se_PR": 0.043069403031773625,
      "t_PR": 1.6066554900788852,
      "p_PR": 0.10812996263145562
    },
    "XBI": {
      "n": 119,
      "ff5_adj_r2": 0.694313903714532,
      "ff5_pr_adj_r2": 0.6915846290174938,
      "delta_adj_r2": -0.0027292746970382087,
      "beta_PR": -0.00024306737184766819,
      "se_PR": 0.056454360625200734,
      "t_PR": -0.004305555304423465,
      "p_PR": 0.9965646745108208
    }
  }
}