{
  "baseline_uniform_IBB": {
    "pre_2020": {
      "n": 59,
      "beta": 0.10327060530897293,
      "se": 0.05081244758972901,
      "t_stat": 2.032387932634199,
      "p_value": 0.04211439877241669,
      "ci_lower": 0.0036782080331040634,
      "ci_upper": 0.2028630025848418,
      "adj_r2": 0.7416708946113892
    },
    "post_2020": {
      "n": 60,
      "beta": 0.014676400208532458,
      "se": 0.04396339656673716,
      "t_stat": 0.3338322639892812,
      "p_value": 0.7385061355689686,
      "ci_lower": -0.07149185706227237,
      "ci_upper": 0.1008446574793373,
      "adj_r2": 0.6544601830331067
    },
    "full_sample": {
      "n": 119,
      "beta": 0.09116801543736974,
      "se": 0.03690193070689916,
      "t_stat": 2.4705486594045616,
      "p_value": 0.013490596410031438,
      "ci_lower": 0.018840231251847403,
      "ci_upper": 0.16349579962289207,
      "adj_r2": 0.6245289898482022
    }
  },
  "exclusion_top3_uniform_IBB": {
    "pre_2020": {
      "n": 59,
      "beta": 0.1370457399517327,
      "se": 0.06312835809978173,
      "t_stat": 2.170906135957408,
      "p_value": 0.02993826842142438,
      "ci_lower": 0.013314158076160501,
      "ci_upper": 0.2607773218273049,
      "adj_r2": 0.7504629387133437
    },
    "post_2020": {
      "n": 60,
      "beta": 0.01780521128516707,
      "se": 0.041010137243733195,
      "t_stat": 0.43416609847819765,
      "p_value": 0.6641678294539843,
      "ci_lower": -0.06257465771254998,
      "ci_upper": 0.09818508028288413,
      "adj_r2": 0.6549277149019206
    },
    "full_sample": {
      "n": 119,
      "beta": 0.10844609266195399,
      "se": 0.0408955322577613,
      "t_stat": 2.6517833776664617,
      "p_value": 0.008006789289808983,
      "ci_lower": 0.028290849436741844,
      "ci_upper": 0.18860133588716613,
      "adj_r2": 0.6332376798413194
    }
  }
}