{
  "coefficients": {
    "const": {
      "estimate": 0.00814078854407426,
      "std_error": 0.008879490088982681,
      "t_stat": 0.9168081120080339,
      "p_value": 0.35924320106592655
    },
    "Mkt-RF": {
      "estimate": 0.7144016348114883,
      "std_error": 0.2255570315327409,
      "t_stat": 3.1672771624846856,
      "p_value": 0.0015387358764269677
    },
    "SMB": {
      "estimate": 0.05561275252834041,
      "std_error": 0.4195898196404772,
      "t_stat": 0.13254075748546956,
      "p_value": 0.8945565875568576
    },
    "HML": {
      "estimate": -0.0763940062136111,
      "std_error": 0.2523154065921644,
      "t_stat": -0.30277186496618597,
      "p_value": 0.7620637261235392
    },
    "RMW": {
      "estimate": -0.6687222660451319,
      "std_error": 0.45929518420640747,
      "t_stat": -1.4559749133894855,
      "p_value": 0.14539955469403584
    },
    "CMA": {
      "estimate": -0.2583625276909163,
      "std_error": 0.5016360831383218,
      "t_stat": -0.5150397596491779,
      "p_value": 0.6065252366113025
    }
  },
  "adj_r_squared": 0.10915454817429115,
  "n_obs": 119
}