{
  "n": 119,
  "mean": 0.013108777479041043,
  "std": 0.10111850208759023,
  "skew": 1.4744365261162788,
  "kurtosis": 5.53876138154469,
  "min": -0.161758794505118,
  "max": 0.5298215171747177,
  "sharpe_annualized": 0.44907842086399397,
  "autocorr_1": 0.18951344721685104,
  "autocorr_3": 0.07764005839781714,
  "correlations_with_ff5": {
    "Mkt-RF": 0.34032862812140524,
    "SMB": 0.15874447476494316,
    "HML": -0.07155820524198488,
    "RMW": -0.1528506364345371,
    "CMA": -0.17398167336125847
  },
  "correlation_with_original_pr": -1.0,
  "avg_n_long": 18.34453781512605,
  "avg_n_short": 20.327731092436974
}