{
  "Mkt-RF": 0.08716900619716643,
  "SMB": -0.001077859264129112,
  "HML": 0.0014351801705138544,
  "RMW": -0.030223998619303652,
  "CMA": 0.002313538735356642,
  "alpha": 0.09768946252889113,
  "total": 0.15730532974849532
}