{
  "w_0.00_ibb_only": {
    "n": 119,
    "cum_return": 0.06742318430405714,
    "ann_return": 0.006601273329123858,
    "ann_vol": 0.21386130123715372,
    "sharpe": 0.030867077357785343,
    "max_drawdown": -0.37114403286897846,
    "calmar": 0.01778628441927354,
    "hit_rate": 0.5210084033613446,
    "best_month": 0.1515361461808897,
    "worst_month": -0.2107073749892545,
    "longest_win_streak": 4,
    "longest_loss_streak": 6,
    "tracking_error_ann": 0.0,
    "ann_return_diff_vs_ibb": 0.0,
    "information_ratio": null
  },
  "w_0.10": {
    "n": 119,
    "cum_return": 0.22777091544257178,
    "ann_return": 0.02090803669891672,
    "ann_vol": 0.22119990070595483,
    "sharpe": 0.09452100399769241,
    "max_drawdown": -0.43511799214586133,
    "calmar": 0.048051418411371685,
    "hit_rate": 0.5714285714285714,
    "best_month": 0.15016745857814598,
    "worst_month": -0.20249004782834845,
    "longest_win_streak": 5,
    "longest_loss_streak": 6,
    "tracking_error_ann": 0.03502847664019318,
    "ann_return_diff_vs_ibb": 0.01573053297484925,
    "information_ratio": 0.4490784208639938
  },
  "w_0.25": {
    "n": 119,
    "cum_return": 0.4807927018383831,
    "ann_return": 0.040381686921251214,
    "ann_vol": 0.24149479101946444,
    "sharpe": 0.16721556084411135,
    "max_drawdown": -0.521391441370532,
    "calmar": 0.07744984615609286,
    "hit_rate": 0.5630252100840336,
    "best_month": 0.1481144271740304,
    "worst_month": -0.19016405708698939,
    "longest_win_streak": 6,
    "longest_loss_streak": 6,
    "tracking_error_ann": 0.08757119160048292,
    "ann_return_diff_vs_ibb": 0.03932633243712312,
    "information_ratio": 0.44907842086399397
  },
  "w_0.50": {
    "n": 119,
    "cum_return": 0.9105023720494609,
    "ann_return": 0.06745854130755236,
    "ann_vol": 0.29366688476721037,
    "sharpe": 0.22971109378242194,
    "max_drawdown": -0.6416256821962866,
    "calmar": 0.1051369095399074,
    "hit_rate": 0.5798319327731093,
    "best_month": 0.27901695713523267,
    "worst_month": -0.20446285460144256,
    "longest_win_streak": 8,
    "longest_loss_streak": 6,
    "tracking_error_ann": 0.17514238320096584,
    "ann_return_diff_vs_ibb": 0.07865266487424626,
    "information_ratio": 0.449078420863994
  }
}