{
  "n": 119,
  "mean": -0.0036159852002809133,
  "std": 0.02367539172585241,
  "skew": -1.1865278753267265,
  "kurtosis": 3.725367915917031,
  "min": -0.11595625595232084,
  "max": 0.0409294220401939,
  "ac_1": 0.22378515207818034,
  "ac_3": 0.04135424699665879,
  "ac_6": -0.07311819075400665,
  "sharpe_annualized": -0.5290784759826962,
  "avg_n_long": 79.19327731092437,
  "avg_n_short": 73.32773109243698
}