{
  "n": 119,
  "mean": -0.011023745752265978,
  "std": 0.09837901192460813,
  "skew": -1.1732794229623706,
  "kurtosis": 2.822794269266286,
  "min": -0.42604114377484137,
  "max": 0.18962051740503266,
  "ac_1": 0.2211114354848302,
  "ac_3": 0.028564495065406387,
  "ac_6": -0.05330661672362763,
  "sharpe_annualized": -0.3881658772356556,
  "avg_n_long": 21.563025210084035,
  "avg_n_short": 17.747899159663866
}