{
  "IBB": {
    "model1": {
      "coefficients": {
        "const": {
          "estimate": -0.005094447085526799,
          "std_error": 0.0034023169030787622,
          "t_stat": -1.497346434988706,
          "p_value": 0.13430313824507317
        },
        "Mkt-RF": {
          "estimate": 0.8676062642141231,
          "std_error": 0.0970730840405178,
          "t_stat": 8.93766045232465,
          "p_value": 3.9749628667418716e-19
        },
        "SMB": {
          "estimate": 0.645630060268902,
          "std_error": 0.1312443821535096,
          "t_stat": 4.919296732364078,
          "p_value": 8.685571323009286e-07
        },
        "HML": {
          "estimate": -0.5951261810150795,
          "std_error": 0.10465540080183737,
          "t_stat": -5.686531000363158,
          "p_value": 1.2964586081025551e-08
        },
        "RMW": {
          "estimate": -0.23023142026818946,
          "std_error": 0.18299371123388172,
          "t_stat": -1.2581384284508765,
          "p_value": 0.2083416977061039
        },
        "CMA": {
          "estimate": 0.37470742707876475,
          "std_error": 0.21010580202094342,
          "t_stat": 1.783422558894465,
          "p_value": 0.07451754373223916
        }
      },
      "adj_r_squared": 0.6083767664753785,
      "r_squared": 0.6249709712857439,
      "aic": -430.80798407348857,
      "bic": -414.1332431148194,
      "f_statistic": 33.8686811750536,
      "f_p_value": 5.286880256785926e-21,
      "n_obs": 119,
      "ssr": 0.16866697509909606,
      "df_model": 5
    },
    "model2": {
      "coefficients": {
        "const": {
          "estimate": -0.004333761977304858,
          "std_error": 0.0034092050079892844,
          "t_stat": -1.2711943010610758,
          "p_value": 0.20365953350954646
        },
        "Mkt-RF": {
          "estimate": 0.9165846757623288,
          "std_error": 0.10445470691483355,
          "t_stat": 8.774948519166877,
          "p_value": 1.7098206675538973e-18
        },
        "SMB": {
          "estimate": 0.6957325220276797,
          "std_error": 0.13418383964042016,
          "t_stat": 5.184920359203258,
          "p_value": 2.1610719259364648e-07
        },
        "HML": {
          "estimate": -0.5977025542687058,
          "std_error": 0.09912813011707104,
          "t_stat": -6.029595772287995,
          "p_value": 1.6437028619811306e-09
        },
        "RMW": {
          "estimate": -0.26683016287807676,
          "std_error": 0.19016754954217524,
          "t_stat": -1.4031319408619678,
          "p_value": 0.16057749801690646
        },
        "CMA": {
          "estimate": 0.3236575159768024,
          "std_error": 0.2072717269490015,
          "t_stat": 1.5615130955918424,
          "p_value": 0.11840273643461063
        },
        "PR": {
          "estimate": 0.29924400824878256,
          "std_error": 0.18882935255956365,
          "t_stat": 1.5847324803721397,
          "p_value": 0.11302712887584564
        }
      },
      "adj_r_squared": 0.6149314124691739,
      "r_squared": 0.634511171157182,
      "aic": -431.87434253903814,
      "bic": -412.42047808725744,
      "f_statistic": 29.84535900254617,
      "f_p_value": 3.784672067893331e-21,
      "n_obs": 119,
      "ssr": 0.16437632949314676,
      "df_model": 6
    },
    "comparison": {
      "delta_adj_r_squared": 0.006554645993795405,
      "delta_aic": -1.0663584655495697,
      "delta_bic": 1.712765027561943,
      "partial_f_test": {
        "f_stat": 2.9234884934351637,
        "p_value": 0.09006802726164831,
        "df_num": 1,
        "df_den": 112
      },
      "pr_p_raw": 0.11302712887584564,
      "pr_p_bonferroni": 0.22605425775169127
    },
    "n_obs": 119
  },
  "XBI": {
    "model1": {
      "coefficients": {
        "const": {
          "estimate": -0.0011471772550792384,
          "std_error": 0.004047149931438523,
          "t_stat": -0.2834531150348276,
          "p_value": 0.7768295171814852
        },
        "Mkt-RF": {
          "estimate": 1.014929618771005,
          "std_error": 0.1279966336834047,
          "t_stat": 7.929346183286342,
          "p_value": 2.2030263704914624e-15
        },
        "SMB": {
          "estimate": 1.12358629954951,
          "std_error": 0.19877767578823066,
          "t_stat": 5.652477297030736,
          "p_value": 1.581516931456255e-08
        },
        "HML": {
          "estimate": -0.6916676874908484,
          "std_error": 0.14427370476535586,
          "t_stat": -4.794135484465198,
          "p_value": 1.6337783595287727e-06
        },
        "RMW": {
          "estimate": -0.9075593085381793,
          "std_error": 0.22307355637784493,
          "t_stat": -4.068430715297081,
          "p_value": 4.7330830226647144e-05
        },
        "CMA": {
          "estimate": 0.07035650807099143,
          "std_error": 0.2720779224848829,
          "t_stat": 0.2585895519505099,
          "p_value": 0.7959519454604018
        }
      },
      "adj_r_squared": 0.694313903714532,
      "r_squared": 0.7072667044045943,
      "aic": -382.8441776668093,
      "bic": -366.1694367081401,
      "f_statistic": 35.98806885797623,
      "f_p_value": 6.826656438943679e-22,
      "n_obs": 119,
      "ssr": 0.25239199281176833,
      "df_model": 5
    },
    "model2": {
      "coefficients": {
        "const": {
          "estimate": -0.0011876356749850822,
          "std_error": 0.004061989171279746,
          "t_stat": -0.2923778535359593,
          "p_value": 0.7699977391373122
        },
        "Mkt-RF": {
          "estimate": 1.012324612942271,
          "std_error": 0.13937266869037798,
          "t_stat": 7.263437103232851,
          "p_value": 3.7737595489434144e-13
        },
        "SMB": {
          "estimate": 1.1209215090675408,
          "std_error": 0.2032216792259517,
          "t_stat": 5.515757537960535,
          "p_value": 3.472807733936403e-08
        },
        "HML": {
          "estimate": -0.6915306583972021,
          "std_error": 0.14438905425018228,
          "t_stat": -4.789356520051651,
          "p_value": 1.6731698218824455e-06
        },
        "RMW": {
          "estimate": -0.9056127379000268,
          "std_error": 0.22308022967422492,
          "t_stat": -4.0595831339358845,
          "p_value": 4.916040307137209e-05
        },
        "CMA": {
          "estimate": 0.07307169036811591,
          "std_error": 0.26867316124703844,
          "t_stat": 0.27197242191574267,
          "p_value": 0.7856432244468431
        },
        "PR": {
          "estimate": -0.015915836407525783,
          "std_error": 0.24525301294339455,
          "t_stat": -0.06489557953442646,
          "p_value": 0.9482571401973906
        }
      },
      "adj_r_squared": 0.6915993952777558,
      "r_squared": 0.7072807819585479,
      "aic": -380.84990051838747,
      "bic": -361.39603606660677,
      "f_statistic": 30.430798268795595,
      "f_p_value": 1.9613624071209906e-21,
      "n_obs": 119,
      "ssr": 0.25237985527241175,
      "df_model": 6
    },
    "comparison": {
      "delta_adj_r_squared": -0.0027145084367762307,
      "delta_aic": 1.9942771484218156,
      "delta_bic": 4.773400641533328,
      "partial_f_test": {
        "f_stat": 0.005386342766818473,
        "p_value": 0.9416253283024514,
        "df_num": 1,
        "df_den": 112
      },
      "pr_p_raw": 0.9482571401973906,
      "pr_p_bonferroni": 1.0
    },
    "n_obs": 119
  }
}