{
  "IBB": {
    "model1": {
      "coefficients": {
        "const": {
          "estimate": -0.005094447085526799,
          "std_error": 0.0034023169030787622,
          "t_stat": -1.497346434988706,
          "p_value": 0.13430313824507317
        },
        "Mkt-RF": {
          "estimate": 0.8676062642141231,
          "std_error": 0.0970730840405178,
          "t_stat": 8.93766045232465,
          "p_value": 3.9749628667418716e-19
        },
        "SMB": {
          "estimate": 0.645630060268902,
          "std_error": 0.1312443821535096,
          "t_stat": 4.919296732364078,
          "p_value": 8.685571323009286e-07
        },
        "HML": {
          "estimate": -0.5951261810150795,
          "std_error": 0.10465540080183737,
          "t_stat": -5.686531000363158,
          "p_value": 1.2964586081025551e-08
        },
        "RMW": {
          "estimate": -0.23023142026818946,
          "std_error": 0.18299371123388172,
          "t_stat": -1.2581384284508765,
          "p_value": 0.2083416977061039
        },
        "CMA": {
          "estimate": 0.37470742707876475,
          "std_error": 0.21010580202094342,
          "t_stat": 1.783422558894465,
          "p_value": 0.07451754373223916
        }
      },
      "adj_r_squared": 0.6083767664753785,
      "r_squared": 0.6249709712857439,
      "aic": -430.80798407348857,
      "bic": -414.1332431148194,
      "f_statistic": 33.8686811750536,
      "f_p_value": 5.286880256785926e-21,
      "n_obs": 119,
      "ssr": 0.16866697509909606,
      "df_model": 5
    },
    "model2": {
      "coefficients": {
        "const": {
          "estimate": -0.004599907300129147,
          "std_error": 0.0033875363808419674,
          "t_stat": -1.3578916306681394,
          "p_value": 0.1744980734529462
        },
        "Mkt-RF": {
          "estimate": 0.9329051232138591,
          "std_error": 0.10665926541392437,
          "t_stat": 8.746592427703597,
          "p_value": 2.198921679922317e-18
        },
        "SMB": {
          "estimate": 0.6987079751180394,
          "std_error": 0.12846030906429878,
          "t_stat": 5.4390961706959,
          "p_value": 5.3551544172989257e-08
        },
        "HML": {
          "estimate": -0.6031644810856027,
          "std_error": 0.09798343245180148,
          "t_stat": -6.155780278286354,
          "p_value": 7.4708742547255e-10
        },
        "RMW": {
          "estimate": -0.2606222098162847,
          "std_error": 0.188972759252158,
          "t_stat": -1.379152269605803,
          "p_value": 0.16784781081747568
        },
        "CMA": {
          "estimate": 0.3373584348705025,
          "std_error": 0.20334562650933818,
          "t_stat": 1.659039541010291,
          "p_value": 0.09710782477903437
        },
        "PR": {
          "estimate": 0.09060140270179363,
          "std_error": 0.04623914542477135,
          "t_stat": 1.9594091082240552,
          "p_value": 0.05006489484811167
        }
      },
      "adj_r_squared": 0.621903296712907,
      "r_squared": 0.6411285528122507,
      "aic": -434.04864820076466,
      "bic": -414.59478374898396,
      "f_statistic": 30.434243798013654,
      "f_p_value": 1.9538332200935516e-21,
      "n_obs": 119,
      "ssr": 0.16140020321656703,
      "df_model": 6
    },
    "comparison": {
      "delta_adj_r_squared": 0.013526530237528478,
      "delta_aic": -3.2406641272760908,
      "delta_bic": -0.461540634164578,
      "partial_f_test": {
        "f_stat": 5.0426110663019905,
        "p_value": 0.026693907577364673,
        "df_num": 1,
        "df_den": 112
      },
      "pr_p_raw": 0.05006489484811167,
      "pr_p_bonferroni": 0.10012978969622334
    },
    "n_obs": 119
  },
  "XBI": {
    "model1": {
      "coefficients": {
        "const": {
          "estimate": -0.0011471772550792384,
          "std_error": 0.004047149931438523,
          "t_stat": -0.2834531150348276,
          "p_value": 0.7768295171814852
        },
        "Mkt-RF": {
          "estimate": 1.014929618771005,
          "std_error": 0.1279966336834047,
          "t_stat": 7.929346183286342,
          "p_value": 2.2030263704914624e-15
        },
        "SMB": {
          "estimate": 1.12358629954951,
          "std_error": 0.19877767578823066,
          "t_stat": 5.652477297030736,
          "p_value": 1.581516931456255e-08
        },
        "HML": {
          "estimate": -0.6916676874908484,
          "std_error": 0.14427370476535586,
          "t_stat": -4.794135484465198,
          "p_value": 1.6337783595287727e-06
        },
        "RMW": {
          "estimate": -0.9075593085381793,
          "std_error": 0.22307355637784493,
          "t_stat": -4.068430715297081,
          "p_value": 4.7330830226647144e-05
        },
        "CMA": {
          "estimate": 0.07035650807099143,
          "std_error": 0.2720779224848829,
          "t_stat": 0.2585895519505099,
          "p_value": 0.7959519454604018
        }
      },
      "adj_r_squared": 0.694313903714532,
      "r_squared": 0.7072667044045943,
      "aic": -382.8441776668093,
      "bic": -366.1694367081401,
      "f_statistic": 35.98806885797623,
      "f_p_value": 6.826656438943679e-22,
      "n_obs": 119,
      "ssr": 0.25239199281176833,
      "df_model": 5
    },
    "model2": {
      "coefficients": {
        "const": {
          "estimate": -0.0009934209035673905,
          "std_error": 0.004042920870015177,
          "t_stat": -0.24571861174311363,
          "p_value": 0.8059000637467219
        },
        "Mkt-RF": {
          "estimate": 1.0352315532445486,
          "std_error": 0.14285214232331225,
          "t_stat": 7.246874540400978,
          "p_value": 4.264986816450264e-13
        },
        "SMB": {
          "estimate": 1.1400886453142938,
          "std_error": 0.2004534356238376,
          "t_stat": 5.687548540967567,
          "p_value": 1.2887597762454294e-08
        },
        "HML": {
          "estimate": -0.6941668588976735,
          "std_error": 0.14507334638468924,
          "t_stat": -4.784937248617396,
          "p_value": 1.7104076169708925e-06
        },
        "RMW": {
          "estimate": -0.9170080466548312,
          "std_error": 0.224463105542642,
          "t_stat": -4.085339746315788,
          "p_value": 4.4012368705951056e-05
        },
        "CMA": {
          "estimate": 0.05874440942056764,
          "std_error": 0.26765588932082485,
          "t_stat": 0.21947736539491514,
          "p_value": 0.8262782098455466
        },
        "PR": {
          "estimate": 0.028168696498515753,
          "std_error": 0.05824078782407986,
          "t_stat": 0.4836592627077978,
          "p_value": 0.6286277087617749
        }
      },
      "adj_r_squared": 0.6924429161536019,
      "r_squared": 0.7080814119424018,
      "aic": -381.1758289022305,
      "bic": -361.7219644504498,
      "f_statistic": 30.454443849076082,
      "f_p_value": 1.910279808119304e-21,
      "n_obs": 119,
      "ssr": 0.25168955936084236,
      "df_model": 6
    },
    "comparison": {
      "delta_adj_r_squared": -0.0018709875609301818,
      "delta_aic": 1.668348764578809,
      "delta_bic": 4.447472257690322,
      "partial_f_test": {
        "f_stat": 0.3125777116201982,
        "p_value": 0.5772189138837871,
        "df_num": 1,
        "df_den": 112
      },
      "pr_p_raw": 0.6286277087617749,
      "pr_p_bonferroni": 1.0
    },
    "n_obs": 119
  }
}